Text,IS/NO?
"Conflicting reports. Some say he has passed away, some not. #Coronavirus #CoronavirusOutbreak 
https://t.co/xJvNqpdr81",0
"Coronavirus: Reports of Brighton patient having virus

#coronavirus #coronavirusuk

https://t.co/6cpxTOoUAv",0
"People are worried about the #CoronaVirus and rightfully so, but the virus Americans really need to worry about is‚Ä¶ https://t.co/QdSyLsWb5V",0
"Complete breakdown of these meds is here:

https://t.co/LH5GWHN0iq

Thanks to our special helpers overseas for tran‚Ä¶ https://t.co/E8bWThdMzG",0
May his soul rest in eternal peace,0
#BreakingNews There are indications that the newest hotspot for the #coronavirus outbreak will be India. Many have‚Ä¶ https://t.co/Lz4KSmI8zq,0
Bruh I asked some British man if I was gonna make it to the airport for my flight cus I'm running late and he said‚Ä¶ https://t.co/dxaeQuYC3y,0
Great idea @OUH_IPC,0
"üíñ8 Days To Vals Surprise That Special Someone Nowüíñ

You can reach Us On 0205414305or WhatsApp 0555171905 
For The B‚Ä¶ https://t.co/ZNJLPC9i3Z",0
Why on earth would someone be reprimanded by police for warning about a virus? https://twitter.com/LibraBarbiexo/status/1225517561703518208,1
"Looks like an ideal novel Corona virus 'incubation vehicle' to me...
Were they tested for novel Corona virus before‚Ä¶ https://t.co/FG4sFcDaok",1
"Government-chartered plane to Canada leaves Wuhan #coronavirus 
https://t.co/tSirt27URa",0
Coronavirus updates: The latest news on the outbreak and the global response SURVIVE SEE DETAILS AT ==&gt;‚Ä¶ https://t.co/CMmdU5ka1E,0
Don't just like or view. Retweet. If we don't retweet we can't get the messages out. Whether you like or not retwee‚Ä¶ https://t.co/FscprnizZA,0
I told you all ! They are lying all the time ! These are the same Chinese State jokers who have the head crook at W‚Ä¶ https://t.co/RHJtirJQbQ,0
"Tonight's Chinese order...

Prawn crackers
Salt &amp; pepper ribs
Duck with mushrooms
Boiled rice
Bat on a stick.

#coronavirus",0
@howroute Check this one out. The CCP even lied about the doctors death. How can we believe anything they acrually‚Ä¶ https://t.co/CBQGV0Ywja,1
"His country kills him,not the Coronavirus. Shame on all of the China governments.",0
South Africa: JUST IN | Two suspected #coronavirus cases reported in KZN ‚Äì health department‚Ä¶ https://t.co/9gqazlM18B,0
I wanted to say something regarding the hysteria over #coronavirus https://t.co/2P3VgzpXGn,0
#BREAKING: #Wisconsin Respiratory Disease Epidemiologist Tom Haupt says #influenza is a bigger threat to residents‚Ä¶ https://t.co/gMBAIEAZIm,0
this Doctor was an absolute hero. He was condemed by the Wuhan politicians and police. They threatened him with jai‚Ä¶ https://t.co/eX56FbzqCM,0
"To be honest, fears of the #coronavirus are heavily overblown. 60,000+ people die annually from the flu in the US,‚Ä¶ https://t.co/ZnNg345akU",0
"Feb 6 2020: ""Coronavirus turns bustling Beijing into a ghost town"" via @dwnews

 #CoronaVirus #Wuhan #Beijing

https://t.co/f7OuNKNSIM",0
Jesus.,0
This couple live streamed their wedding to a venue of their friends and family... because of #coronavirus. https://t.co/1s97zIb2Us,0
"Alert PLEASE WATCH! Most compact FACTS of #CORONAVIRUS
#nCoV2019 DEC2019 1ST KNOWN PATIENT! LIE OF JAN 23RD! MUTATI‚Ä¶ https://t.co/0k0yymJ2un",0
"6 weeks ago, China was handling #coronavirus much the same everyone else is now.

Let that sink in.

https://t.co/p49ksTOkaI",0
@lzQJyD9N66mkgyC #RMARSO Areola Clippers #CopaDelRey Real Sociedad #festivalsanremo2020 El Madrid Drummond‚Ä¶ https://t.co/ySow1Yjozm,0
"How experts plan to treat the new coronavirus

#coronavirus 

https://t.co/2z9Z6EhKYD",0
"Ok. But why are Africa and South America safe from this? Did you close your boarders early?
#coronavirus https://t.co/ylENzz7uN6",1
BREAKING NEWS: The latest #coronavirus case has been confirmed to have come from #Brighton. All the latest here: https://t.co/nbEEKQGWaP,0
#HeartGang Will Follow All Back #SpreadLuv Plz Share &amp; Follow #MittRomneyAmericanHero #coronavirus #WinterWatch‚Ä¶ https://t.co/DF3xGxAiTw,0
and yet people have the nerve to complain about Christmas island which is a 5 star resort compared to what people i‚Ä¶ https://t.co/EzAdQP69ls,0
#DrLiWenliang was truly a hero and a real #Whistleblower in the fight against China‚Äôs attempt to silence him and hi‚Ä¶ https://t.co/ODgi2EiYeT,0
"What are they doing to people. No sense of humanity right now. This is what we are seeing, imagine the horrors we a‚Ä¶ https://t.co/kzb3CEeibM",1
strange,0
"Some #businesscontinuity examples of the impact of the #coronavirus on supply chains. 

https://t.co/0qrYlVXhT8",0
Don‚Äôt let this guy back into Uganda,0
#Coronavirus Kills Hero Whistleblower Doctor Li Wen Liang https://t.co/XLpBtQclli via @YouTube XR‚Ä¶ https://t.co/Jj8qd9quAz,0
The Chinese Communists say he is alive. Western media communists say he is dead. Who to believe?,1
Please share this video on #2019nCoV PCR. Subtitles and translation of the supplementary material in Portuguese and‚Ä¶ https://t.co/HlYA4LQMjt,0
"China is Hiding The Truth, Number of Deaths Due To Coronavirus May Be 24,000, Not 564! #Coronavirus #China #Wuhan https://t.co/YuzhAHqAPD",0
"HUMANITY WITHDRAW YOUR CONSENT TO THE NWO PLANS AND AGENDAS https://t.co/puIyUzRLNU
https://t.co/7fAQg2NQP0",0
"""#Coronavirus: Death toll crosses 560 as number of confirmed cases grows"" (I know it's silly, but humor me. Between‚Ä¶ https://t.co/3k6hd2oiuC",0
Wuhan doctor who was detained for warning government officials and the public about the #CoronaVirus in December ha‚Ä¶ https://t.co/qPypiaKDE3,0
Coronavirus updates: The latest news on the outbreak and the global response  SEE DETAILS AT ==&gt;‚Ä¶ https://t.co/P3GE8AsVVW,0
"It's ok.  It's #justtheflu

@balajis @Scobleizer",0
"Interesting how 9 scientists at the Kasuma School of biological sciences find ""HIV protein in 4 insertions"" in the‚Ä¶ https://t.co/SvzXTFpL3X",0
"@MedicaidAnnuity And they also say world is flat &amp; not rotates.
#coronavirus is worse than ebola and flu shots are‚Ä¶ https://t.co/kP5PdsQciX",0
The latest GeoCapital Economics! https://t.co/2uhRkPJTy5 Thanks to @The_IFM @dspalten #coronavirus #investing,0
"""The #coronavirus outbreak requires a swift and comprehensive response that respects #humanrights,"" https://t.co/xXakVz4Phv",0
Protect yourself from the Corona Virus with these safety tips https://t.co/CwrivuW9Zr #Coronavirus‚Ä¶ https://t.co/d27x0F25hE,0
#CoronaVirus So the last column is simply an effort to apply an upper limit to a worst-case scenario. We may have t‚Ä¶ https://t.co/sK9MjSCBmF,0
"They just want you dead. There‚Äôs nothing like CORONA VIRUS and it doesn‚Äôt even exist. We created it.
2020 it landed‚Ä¶ https://t.co/AYuUzEZbWl",0
#Chinese man catches the killer #coronavirus 'within 15 SECONDS' of standing next to an infected woman #nCoV2019‚Ä¶ https://t.co/JwpgsxPqfQ,0
LIVE on #Periscope: #HeartGang Will Follow All Back #SpreadLuv Plz Share &amp; Follow #MittRomneyAmericanHero‚Ä¶ https://t.co/Ic69pk4boi,0
"@DrDenaGrayson @MtnMD @AndreaR9Md @DrLindaMD @physicianwomen 

A politically motivated ‚Äòresuscitation‚Äô?",0
#Jiangxi and #Liaoning suddenly announced the closure of the province. Now there are more than 400 million #Chinese‚Ä¶ https://t.co/hmfcXWDuZp,0
This is how the death rate of coronavirus calculated. Perfectly matched. #coronavirus #CoronaVirusCanada‚Ä¶ https://t.co/D4EV4qgMdu,0
#UK confirms third #CoronaVirus victim to contract illness outside of #China https://t.co/WDhzbrhwuv,0
Coronavirus updates: The latest news on the outbreak and the global response SEE DETAILS AT ==&gt;‚Ä¶ https://t.co/0csWbxrbui,0
I wonder what these #coronavirus hospital bills are gonna look like https://t.co/Ve7v7YrE3T,1
@MBSittioneLOVE @alekhbariyatv @305local @ScheyChris @orchardcitygal That‚Äôs very nice of Saudi Arabia üá∏üá¶ also my co‚Ä¶ https://t.co/oY0rwHwb4a,0
Chinese Doctor Who Tried to Warn of Outbreak Is Dead From Coronavirus SEE DETAILS AT ==&gt; https://t.co/9orX4j6BuU‚Ä¶ https://t.co/L1io0VZOoH,0
"NYTimes: ‚ÄúWuhan is told to round up infected residents for mass quarantine camps.‚Äù https://t.co/XO8t8AQHgQ

Is it w‚Ä¶ https://t.co/QUt0X0358O",0
The goals include ‚Äútelling the moving stories of how [people] on the front line are preventing and fighting the vir‚Ä¶ https://t.co/kJm3tfZfQf,0
LIVE on #Periscope: #HeartGang Will Follow All Back #SpreadLuv Plz Share &amp; Follow #MittRomneyAmericanHero‚Ä¶ https://t.co/jSpjE9xjjC,0
Imagine the way they treat their enemies.,0
Chinese Doctor Who Tried to Warn of Outbreak Is Dead From Coronavirus SEE DETAILS AT ==&gt; https://t.co/9orX4j6BuU‚Ä¶ https://t.co/NkhZj4fADL,0
3 Americans Test Positive for #Coronavirus Aboard #Quarantined Cruise Ship #corononavirus #CoronavirusOutbreak,0
Salute to these Chinese doctors who have been working tirelessly in the wake of #coronavirus outbreak in Wuhan city‚Ä¶ https://t.co/ifu3qMo1QS,0
"Is it possible that 
#coronavirus  is only affecting asians? I have yet to see any non asian cases.",1
#CoronaVirusü¶†Update  https://t.co/VSP2c5OGDT https://t.co/VbDKpwmYKL,0
A friend who is in the know on such things advises on #coronavirus preparedness in America. Supply chain issues can‚Ä¶ https://t.co/O0MBlMl5p4,0
"Face Mask Injuries: 
All heros, Medical workers at the frontline of #WuhanCoronavius  I do not care your political‚Ä¶ https://t.co/WcB4k5y8Nj",0
apocalyptic ish,0
"Tell us there's cure instead....

I said on behalf of others",0
"We‚Äôve been saying this for a week now ‚ÄúAs major companies back out and others quarantine their own staff,‚Ä¶ https://t.co/PcQ3PJ6uPs",0
"$CODX: Co-Diagnostics, Inc. Announces Launch of Test for New #Coronavirus https://t.co/z1DkS75fq4",0
"Like I said....it may not be a luxury hotel, but it will be comfortable &amp; quiet which is what they need after this‚Ä¶ https://t.co/0BPw2q30G3",0
So why did the DoD pick here in #Nebraska?   Logistics.   Unbeknownst to most of the world [or country] we have 1 o‚Ä¶ https://t.co/uVW7SFsiVe,1
"@HouseForeignGOP @RepMcCaul The #coronavirus could be a political disease. #WuhanP4Lab 
https://t.co/r2guHPkI15 https://t.co/w4Zq36G70K",0
"When the Ebola outbreak occurred 5-6-7? yrs ago.   Most were sent to UNMC, including the Dr who contracted it from‚Ä¶ https://t.co/D7EiGReAxP",0
"@TGEServerMGMT This says otherwise &amp; that the doctor is still alive, thank God. https://t.co/XMYmyuHQNP #CoronaVirus #CoronaVirusUpdate",0
@DrTomFrieden @nCoVirusUpdates Protect yourself from the Corona Virus with these safety tips‚Ä¶ https://t.co/YtxfT0Rxmi,0
"Here's a photo of one of the rooms in our bio containment unit.   By helo, it's just a few mins ride to the landing‚Ä¶ https://t.co/RCxkduf9kY",0
Listen to #GWSPH expert Christopher Mores discuss #coronavirus in a new podcastüëáüëáüëáüëá,0
And this is the Fire Chief from Ashland &amp; Dr. Rupp who heads the Bio Containment Unit.   They both did brief interv‚Ä¶ https://t.co/EsM3yateS0,0
"Any death is sad, but I can‚Äôt remember feeling as moved as when I heard the news of Li Wenliang‚Äôs death. How unimpo‚Ä¶ https://t.co/UkA8zJB0xz",0
"#VIDEO: Women in China intentionality trying to spread the coronavirus by coughing &amp; spitting it looks to be.

.‚Ä¶ https://t.co/07yiajxZtN",0
"#China Confirms 70 New Deaths, Raising Global Total To 562, As 10 More Cases Confirmed Aboard 'Diamond Princess'‚Ä¶ https://t.co/gpuiCQT1ya",0
"Is Australia headed for recession?
A combination of #drought, disastrous #bushfires and now the #coronavirus outbre‚Ä¶ https://t.co/0iVb6obQr9",1
#Coronavirus: first #British national confirmed with disease 'travelled back from Singapore' ‚Äì latest news https://t.co/leWxRZm7hi,0
Canadian scientists pioneer mask that kills viruses in mere minutes #coronavirus https://t.co/zrCpyQZLvA,0
"Doctor who sounded alarm on coronavirus dies, hospital says | FOX 5 New York #coronavirus  https://t.co/MIukyHn6t4",0
"imagine #coronavirus is so fast spreading, the 1% can't make it to Mars on time.",0
ok colonizer https://t.co/QN0vAAmted,0
"Hide your kids hide your woves, they coming for everyyyyyyyyybodyyyyyy!!!!!! #coronovirus https://t.co/J0VQ6Xi4N9",0
@CoronaVirusUPDT Due to the timely diagnosis of #coronavirus by #Dr_li_wenLiang the death of this #super_hero becau‚Ä¶ https://t.co/4kt3gQKTos,0
"Paul Bloxham, Chief economist HSBC, discusses the negative effect of #coronavirus on economic activity at the‚Ä¶ https://t.co/xu9ZQwekOr",0
"Finally, haven't been to habruri in AGEESSSS",0
"DeathCamp more like it...sad
#coronavirus 
#CoronaOutbreak",0
What are the odds that the highest profile #coronavirus patient (33 y/o Doc who gave initial warnings) and allegedl‚Ä¶ https://t.co/xkObhwoLf2,1
"Is Australia headed for recession?
A combination of #drought, disastrous #bushfires and now the #coronavirus outbre‚Ä¶ https://t.co/0iVb6obQr9",1
#Coronavirus: first #British national confirmed with disease 'travelled back from Singapore' ‚Äì latest news https://t.co/leWxRZm7hi,0
Canadian scientists pioneer mask that kills viruses in mere minutes #coronavirus https://t.co/zrCpyQZLvA,0
"Doctor who sounded alarm on coronavirus dies, hospital says | FOX 5 New York #coronavirus  https://t.co/MIukyHn6t4",0
"imagine #coronavirus is so fast spreading, the 1% can't make it to Mars on time.",0
ok colonizer https://t.co/QN0vAAmted,0
"Hide your kids hide your woves, they coming for everyyyyyyyyybodyyyyyy!!!!!! #coronovirus https://t.co/J0VQ6Xi4N9",0
@CoronaVirusUPDT Due to the timely diagnosis of #coronavirus by #Dr_li_wenLiang the death of this #super_hero becau‚Ä¶ https://t.co/4kt3gQKTos,0
"Paul Bloxham, Chief economist HSBC, discusses the negative effect of #coronavirus on economic activity at the‚Ä¶ https://t.co/xu9ZQwekOr",0
"Finally, haven't been to habruri in AGEESSSS",0
"DeathCamp more like it...sad
#coronavirus 
#CoronaOutbreak",0
What are the odds that the highest profile #coronavirus patient (33 y/o Doc who gave initial warnings) and allegedl‚Ä¶ https://t.co/xkObhwoLf2,1
there is evidence out of China that there is a reduction in the spread of the #coronavirus. Has the epidemic peaked?,1
"All these people, packed in a hospital triage (?), the size of a sardine can. Do we dare wonder why it is spreading‚Ä¶ https://t.co/ibfPag7S7s",0
Negative attitudes &amp; over the top hostile news on #coronavirus is not right.Let‚Äôs stand by one another &amp; not be pre‚Ä¶ https://t.co/ph1miMEydU,0
I did a thing: https://t.co/Zl2u9CtzbK #coronavirus,0
Wuhan Ordered To Round Up Infected Residents For Mass Quarantine Camps #Coronavirus #CoronavirusOutbreak‚Ä¶ https://t.co/5wD4Qv0t78,0
Holy sh*t,0
"Official Chinese Propaganda is the #WuhanCoronavirus infection rate is dropping.
Meanwhile with #Hangzhou another
M‚Ä¶ https://t.co/QOZI3WmPDI",0
Report that said Wuhan coronavirus can spread before symptoms was flawed SEE DETAILS AT ==&gt; https://t.co/n8oWlcKo0x‚Ä¶ https://t.co/ocAPD7wgYa,0
"""Panic isn't going to solve #coronavirus problem.""

Doctor Amesh Adalja puts the #Coronavirus breakout into perspec‚Ä¶ https://t.co/JNf3qQiuk9",0
I hope this isn't true,1
We are living in China with lies. Wuhan ist now like a hell. More and more people are dying.  #LiWenliang‚Ä¶ https://t.co/Mp3fOs2sgy,0
This man is a hero that was denied protections by his own country. The fact that a country as large as China put in‚Ä¶ https://t.co/1XZssRyuph,0
"Current Airborne evacuation flights from #Wuhan #China, one to #Tokyo #Japan &amp; the other to #Vancouver #Canada 5M32‚Ä¶ https://t.co/JH0UtF7DVl",0
Wuhan Test Lab Opens; CDC Ships Diagnostic Kits: Virus Update SEE DETAILS AT ==&gt; https://t.co/9orX4j6BuU #virus‚Ä¶ https://t.co/8MPGQn1FAl,0
Start an #online store to fight the #coronavirus #corononavirus #coronavirususa #Coronaphobia #coronavirusupdate‚Ä¶ https://t.co/TaZ4brYVuZ,0
Yum China Shows Coronavirus Outbreak Is Curbing Chinese Consumption SEE DETAILS AT ==&gt; https://t.co/n8oWlcKo0x‚Ä¶ https://t.co/LHNMboB3vM,0
@EmilyDeCiccio @YAForJoeBiden @lindyli @FoxNews @edhenry @Princeton For more information on #coronavirus and the on‚Ä¶ https://t.co/bu8qaryQG6,0
"@bulshdetector @JamesCrisp6 You think? #EU is on a knife edge. #Trump #Coronavirus, #Populism and #Deutsche could p‚Ä¶ https://t.co/uD9OldxmjH",0
"üÜò

Can you help us by publishing this link to help raise Awareness of the suffering in #Syria

#Syrie
C'est dur √† r‚Ä¶ https://t.co/A17d4jDlUd",0
HKJC is pragmatic and sensible.,0
Wow...look at the suits those guys are wearing...full on tanks. #ChinaVirus #CoronaOutbreak #Evacuation #Quaratine,0
Trying to decide if this information is real but its sad if its true,1
"Dr. Li Wenliang, the Chinese doctor who was silenced when he tried to issue the first warnings about the deadly‚Ä¶ https://t.co/im60Q9Gp6I",0
"@WarnerBrosCA A family of four were forced to be quarantined by the police in NanTong, JiangSu province. So brutal.‚Ä¶ https://t.co/w0JrYnLqIC",0
The latest The Flavio Calonge Daily! https://t.co/xrsoLHjf3f Thanks to @This_MrG @yaron_gol @eSaludArgentina #ai #coronavirus,0
"Body Bag Britain: Tories are making out #coronanavirus is not much worse than a normal flu

I spoke to a women chec‚Ä¶ https://t.co/IbjUFm7ij7",0
"Today, my heart is heavy. Li Wenliang, the whistleblower who informed the people of China &amp; the rest of the world a‚Ä¶ https://t.co/shBNRSsHd9",0
"Macau: Hotels so empty completely closing down.  #coronavirus 

https://t.co/lzqdISNUpm",0
"Target: pedestrian, commercial travel

Result: global

Reason: climate change fear

Logic: if they won‚Äôt accept cli‚Ä¶ https://t.co/0LCIRJmy0S",0
"Hard to fathom: 3 provinces, 63 cities under quarantine. #coronavirus",0
11 Confirmed Cases Of Coronavirus In U.S.; 1st Death Outside China In Philippines SEE DETAILS AT ==&gt;‚Ä¶ https://t.co/NW62o1He2z,0
"Ever since the outbreak of the novel #coronavirus, residential committees in #Wuhan have been serving the city's pe‚Ä¶ https://t.co/Rt7vlzVTf2",0
Say it in your head a million times if you need to- ‚Äúonly two deaths outside of China‚Äù. 3200 people die a day from‚Ä¶ https://t.co/8Aoth2d4Cc,0
#coronavirus Breaking News from Bloomberg. Japan has confirmed 41 new Novelcoronavirus cases onboard the cruise ship docked in Yokohama.,0
This reminds me of the movie Parasite,0
"God, poor thing, this is heartbreaking, I hope he/she get well soon üôèüèª",0
"China Daily
@ChinaDaily
¬∑
2m
3,143 new cases of #coronavirus reported in the Chinese mainland as of Feb 6. The tota‚Ä¶ https://t.co/a6v39d2uYa",0
Loool lowkey this bro's PR team need a raise,0
#LiWenliang is a hero! China killed him bc he tried to warn &amp; save the world! RIP &amp; thank youüíîüòûüôè,0
"#BREAKING #NEW: Another 41 people on cruise ship docked in #Japan test positive for #coronavirus: Japan HM

via Reuters",0
Start an #online store to fight the #coronavirus #corononavirus #coronavirususa #Coronaphobia #coronavirusupdate‚Ä¶ https://t.co/tVyFCutUbi,0
"#coronavirus 

OFFICIAL LINE: Everything is good.  Sleep tight. No worries.

CHINESE GOVT: Forcibly rounding up cit‚Ä¶ https://t.co/Qro7WU4iWs",0
Our elected officials must take action to stop all inbound flights from China whilst the risk of infection is so gr‚Ä¶ https://t.co/eGH5LIsgxd,0
Disappointed to see WSJ posted a completely biased rubbish. Misleading the young generation with your antiqued idea‚Ä¶ https://t.co/JyAdxOqYvU,0
Coronavirus: Live Updates and Coverage SEE DETAILS AT ==&gt; https://t.co/BLuKspTNNQ #virus #coronavirus #sars #flu #china #trump,0
that looks nice,0
"#coronavirus
But it's just the ""flu""",0
"Maybe the chemicals are for the people, not the virus.",0
"CCP is hopeless that during a public crisis, instead of prioritizing resources to fight the #coronavirus, Xi Jinpin‚Ä¶ https://t.co/iwRjKHQU9Z",0
@HongKongFP This means two things. He was a healthy young doctor. He died because the virus is worse than what is b‚Ä¶ https://t.co/sy1IxXCHoO,0
"Follow the news from Taiwan, they have the most spies with intel about China...#Breaking #Coronavirus #corona #news‚Ä¶ https://t.co/gbhcNckLfo",0
"Bernie is way better on #coronavirus than Trump or Azar, which should concern everyone. Not because Bernie's answer‚Ä¶ https://t.co/RodhEhVC9W",0
RIP Dr. Li. A hero in his attempt to warn about the new #coronavirus. May his parents and pregnant wife recover fro‚Ä¶ https://t.co/JTrjzO3M5u,0
"Another 41 people on board a cruise ship off Japan‚Äôs coast have tested positive for the new strain of #coronavirus,‚Ä¶ https://t.co/hXA6ILXyqu",0
#CanadianTire #ldnont east (Argyle) seem to have a decent amount of #N95 masks in stock.  A bit pricey but hey bett‚Ä¶ https://t.co/7sHz3ZwLdQ,0
"@BaldingsWorld Saw this earlier :
https://t.co/e1hXPEup48",0
Has China given us any more info about what they have found effective and what they are going?,1
"Heads up, folks, this #coronavirus goes to 100+ million quarantined, at a 1-2% infection rate. Do the math.",0
'Overreaction.' Former Health Secretary Esperanza Cabral believes it is not necessary to suspend classes as a preca‚Ä¶ https://t.co/vD9NqzUHZI,0
"@addhdgamer @vandongene The cruise might have an older population than the typical age structure in a city, so I wo‚Ä¶ https://t.co/92HCcQ5UlD",0
"Let's go!!! Recovered numbers are rising!!!
Fight! Fight! Fight!
#CoronaVirus #Recovery #Thailand #Taiwan https://t.co/6BkI80WXqk",0
"#DiamondPrincess: ""41 new cases of coronavirus on quarantined cruise ship off Japan, bringing total to 61"" -‚Ä¶ https://t.co/TENPKTz56S",0
Tracking the Wuhan Coronavirus SEE DETAILS AT ==&gt; https://t.co/n8oWlcKo0x #virus #coronavirus #sars #flu #china‚Ä¶ https://t.co/n6ulJmgrE3,0
You have been right a lot lately.,0
"Hindsight is 20-20, but these people had foresight.

Looks like there were 7 more whistleblowers on the‚Ä¶ https://t.co/zzUcxpLsiR",0
41 tested positive of #Coronavirus on #Japan cruise. #CoronavirusOutbreak continues.,0
@BNODesk Why aren't the other 3400+ people being tested for #nCoV2019 ? They should get tested before leaving the b‚Ä¶ https://t.co/4wDTok1Ndb,1
@still_a_nerd @janisfrayer @FearDept @NBCNews Pffttsss... I‚Äôve been adding to my stash for two weeks already. When‚Ä¶ https://t.co/qCAYpLVyYX,0
Forty specimens tested negative for #Wuhan #coronavirus: Ministry‚Äù &amp; all the #Indonesia Morning #news you need to k‚Ä¶ https://t.co/B7v5O9kM3h,0
"As our frontline heroes continue the battle against the #Coronavirus, don't forget those around us who are working‚Ä¶ https://t.co/nWldU3zT1l",0
"""There should be no alarm. Flu is a far more major threat to people's lives than this particular #coronavirus"" said‚Ä¶ https://t.co/YtlAI7FSLg",0
"Unless that one old man on this cruise held nightly orgies, you see it rip through 2% of a close together populatio‚Ä¶ https://t.co/abmy6FZRhu",0
Belfast Live.  A child is being treated and tested for Corona virus in Alnagelvin.  The child is in an isolation un‚Ä¶ https://t.co/CHxl57TfbX,0
Doctor Li's pregnant wife and his parents are also in hospital being treated for the virus #wuhanvirus,0
And just like that @nillythesquid spread the #coronavirus to @JeremiahBuoni #babybird #gross #FloribamaShore,0
..rip dr. ‚ÄúCure 2‚Äù thankyouüôèüèª..,0
"‚ÄúWe wouldn‚Äôt cut funding from the agencies responsible for protecting us from #Coronavirus.‚Äù -@BernieSanders, on wh‚Ä¶ https://t.co/eAwYTVfBx4",0
"Not sure if I should post this, I do not want to be banned or suspended.  #CoronaVirus 

Just a simple trader, look‚Ä¶ https://t.co/0y5NhY7Ayx",0
"#BreakingNews #MEDICAL #EXAMINER: The #Panic Over #Chinese #People Doesn‚Äôt Come From #Coronavirus
This is not a ‚Äúre‚Ä¶ https://t.co/YMOvVipYsH",0
"worried about the sars like virus #coronavirus ? look no further than
ANTI SARS https://t.co/LE21K3dyV8",0
"Wuhan hospital for coronavirus lacks care for patients, lots of locks though https://t.co/AYzn7H6X9r",0
The official numbers of #coronavirus infections out of China are almost certainly undercounted health professionals‚Ä¶ https://t.co/cRDFJesPB1,0
"41 passengers on the Japanese cruise carrying over 3,700 people have been confirmed with novel #coronavirus, bringi‚Ä¶ https://t.co/x34IJWuKJz",0
"The death toll is multiplying, soon it will be 100 per day. #Coronavirus

China &amp; World need to stop virus from spr‚Ä¶ https://t.co/ci1pi2XxWa",0
What the hell is going on. This is far more serious than we are being told.,1
"MANILA, Philippines ‚Äî Six Filipinos might be carriers of the 2019 novel coronavirus acute respiratory disease as th‚Ä¶ https://t.co/1rOMJzGtl6",0
"ANTI-VIRAL SPICES ‚Äì HOW MYANMAR UNKNOWINGLY RECOMMENDED CANNABINOIDS FOR #CORONAVIRUS.

https://t.co/qjtltFKRwN",0
@RealKevinFett It's gonna be hard to tell the seasonal flu and #Coronavirus. The seasonal flu is running around the‚Ä¶ https://t.co/lysfFXaW6S,0
"do you mean the rebels who are TEMPORARILY occupying the legal territories of the republic of china?
https://t.co/g1GbkxICM7",1
"#Coronavirus Jitters Rattle Businesses, Industries, Organizations ‚Äî 2020 Olympics, Airlines Included #cdnpoli  https://t.co/bAQomoEdna",0
We deserve the truth.,1
"2017-18 Influenza season (CDC data): 48.8 million illness, 959,000 hospitalizations, 79,400 deaths. Wuhan‚Ä¶ https://t.co/U6SS8JFzPs",0
"The Redwood City startup scored $75 million, just a few months after raising $90 million, with an eye towards helpi‚Ä¶ https://t.co/Ow9tEMpauV",0
"I was quoted in the @nytimes on #meme culture

The article has some great #tips for parents on how to discuss‚Ä¶ https://t.co/0KjRuFoJY5",0
"BOOM - #China's communist regime round up infected people in Wuhan for mass Quarantine Camps üßê

#Wuhan: It is actua‚Ä¶ https://t.co/EtZ7I7WJEm",0
‚ÄúBased on what I know Chinese scholars are examining retaliatory measures to win this trade war: 2019nCov‚Äù‚Ä¶ https://t.co/VZ2dwpKnwa,0
DLT Goes Viral as Live Coronavirus Tracking Spreads to the Blockchain https://t.co/jM0c06Zty0 #Blockchain‚Ä¶ https://t.co/BWtNQvbpei,0
A nurse in Wuhan quarantined herself at home so other patients can access medical care.,0
To watch: keeping #normality going ‚Äì which should ultimately be something unremarkable ‚Äì is fast becoming an aspira‚Ä¶ https://t.co/nh8URdcTRj,0
"A good graph to put #2019nCoV in perspective. 

#coronavirus @ifrc",0
When she say get your shit and leave.. you know the first thing in taking üòä #ps5 #ps4 #hookah #tmnt #gamer#clubbing‚Ä¶ https://t.co/HLsu0nclDx,0
He is feeling blissful after drinking the elixir.,0
Words of wisdom from @DenisonLab #remdesivir @Baric_Lab #nCoV2019,0
"#Coronavirus deaths reach 563, with fresh cases on stricken cruise ship off #Japan https://t.co/It0GRyA9ow  #CoronaVirusOutbreak",0
I am publishing my #coronavirus piece with an outlet I have long admired and wanted to work with--psyched about it!,0
"I'm sorry to all the people I was ""scaring"" a month ago... üôÑüò∑üòÇ This corona virus is so freaking real... Hopefully p‚Ä¶ https://t.co/pbO1WEWHHu",0
"I‚Äôm organizing an event next week &amp; a company has pulled out because, they are ‚Äúon lockdown because of #Coronavirus‚Ä¶ https://t.co/itSy6jSKOT",0
@DrEricDing By definintion it's already a pandemic #coronavirus,0
Coronavirus Outbreak: A man was found dead on an empty Wuhan street amid coronavirus outbreak... #China #Wuhan‚Ä¶ https://t.co/IFJCAcnI6e,0
"Around the world people are concerned about the novel #coronavirus that started in Wuhan, China. Don't panic! Follo‚Ä¶ https://t.co/3uYj5ZcZu1",0
@CarrieC_Hker @nytimes Protect yourself from the Corona Virus with these safety tips https://t.co/CwrivuW9Zr‚Ä¶ https://t.co/dKbWwpx0FV,0
KETO BLOOD WORK | WHAT THE DOCTOR TOLD ME.. | #Health | #coronavirus | #AsianNetWalking https://t.co/QLDYUKWZTZ https://t.co/taoJh3jApq,0
He was punished to leak tht china is making bio weapon. ü§î,0
Blanketing a city with an experimental chemical that catalyzes the disintegration of the protein hull of Viruses.‚Ä¶ https://t.co/R4nOLMBXsE,0
"#coronavirus Is there anyway to create a generic sidsDNA drug? A generic silencer of doublestranded DNA? 

A slow d‚Ä¶ https://t.co/Kav0lNbN57",0
"@OCDrises @PhyIis This doesn't seem like a weapon to me: too contagious, not deadly enough. If you used it in war,‚Ä¶ https://t.co/UXeFISMR39",0
"Help me make sense of this guy's motivations ... because this is very, very odd.  #Coronavirus",1
@Athancolorado I will be VERY glad if I'm wrong and this virus doesn't spread throughout  the world. But the signs‚Ä¶ https://t.co/eIz4hVw3mV,0
#coronavirus Italia,0
LIVE on #Periscope: #HeartGang Will Follow All Back #SpreadLuv Plz Share &amp; Follow #MittRomneyAmericanHero‚Ä¶ https://t.co/j4yfTarMbd,0
The latest Serious Adverse Events Daily! https://t.co/J41KmBxwAa Thanks to @medpagetoday #ncov2019 #coronavirus,0
Chinese he must be corona infected.,0
Truth.,0
Inside the #coronavirus quarantine site near #NorthBend #komonews  https://t.co/XXAbeI1hxI,0
Chinese government are thinking of execution of all #coronavirus infected patients .,0
"Tencent may have accidentally leaked real dat... | Taiwan News 2/5/20 #Coronavirus  
  154K infected 25K deaths https://t.co/fSjYln6gbB",0
"In early Radio News on @abcnews: A 15th case of #coronavirus confirmed in Australia, Pilbara schools closed as the‚Ä¶ https://t.co/hzhl0pjK8Y",0
The Corona virus feeds off sugars within the body. Go keto and desist from consuming carbohydrates to help kill off‚Ä¶ https://t.co/64uVi9a9ed,0
"Yeah, great,*insert sarcasm* humanity. üòëüòë. So, how would u feel if this happens in PH? Can you still insist on your‚Ä¶ https://t.co/cx5J5P6XZz",0
"@ZaraHatKay_Dawn ,Mr Khoro recommend this for your viewers instd of cow piss",0
@jenniferatntd @TonyBrunt Not a good idea to do organ harvesting on patients with 2019-nCoV (novel coronavirus). Ch‚Ä¶ https://t.co/iYStJ65j0R,0
@still_a_nerd I believe that what we are seeing in the deep south is the #Coronavirus. Too many perfectly healthy p‚Ä¶ https://t.co/92HtKdDqxX,0
"A study out of the University of Hong Kong predicts that on February 1st, the number of people infected by the‚Ä¶ https://t.co/ZjNGylXJLx",0
When will the real numbers come out,1
#coronavirus ready,0
"#coronavirus update: CMS issues memos for U.S. providers and hospitals, strongly encouraging them to review infecti‚Ä¶ https://t.co/uALzNvV3qw",0
"üÜò

Can you help us by publishing this link to help raise Awareness of the suffering in #Syria

#Syrie
C'est dur √† r‚Ä¶ https://t.co/02JrGk0Fvd",0
So the gov‚Äôt killed him for speaking out about it,0
"@teddyboylocsin, behold your superpower, formidable China. Is this what you were referring to during the recent Sen‚Ä¶ https://t.co/6nxiMhlAzq",1
"Chinese, friend of mine, who lives in France... This is Chinese Democracy üá®üá≥ 
#coronavirus #china #FreeHongKong https://t.co/d70zfvZLqW",0
@conradhackett @TeycirTrades I would have preferred to see the #coronavirus mortality curve looking that way l,0
This so doesn't look good!,0
It starts...,0
12 cases of coronavirus confirmed in US SEE DETAILS AT ==&gt; https://t.co/9orX4j6BuU #virus #coronavirus #sars #flu‚Ä¶ https://t.co/0o0EJ6cn5S,0
WHO reports death of Chinese doctor who was arrested for ‚Äúseverely disrupting social order‚Äù by reporting coronaviru‚Ä¶ https://t.co/bGoQlJ2Gvy,0
Did you miss this Facebook live Q&amp;A update on the #coronavirus from the Los Angeles County Department of Public Hea‚Ä¶ https://t.co/I4w7yuYlKL,0
Drones doing visits to take temperature readings.  I wonder what happens when you don't open your window or actuall‚Ä¶ https://t.co/hrAtbpDZ9r,1
Aww cute little hand made Xi Virus,0
Very sad,0
Melco cites #coronavirus  as reason for shelving Packer‚Äôs $880m Crown Resorts deal writes @DamonKitney. Comes weeks‚Ä¶ https://t.co/e6EAMXs1UG,0
@WealthEnhance SVP &amp; financial adviser #NicoleWebb joins @cvpayne on @FoxBusiness to discuss the strong #economy &amp;‚Ä¶ https://t.co/WU1XD0TuSH,0
Correction on asymptomatic transmission: it is still possible but not confirmed. I spoke with @chuckchiang3 for thi‚Ä¶ https://t.co/sVTGABBNNo,0
"#CORONAVIRUS
#WHO 
 ‚ÄúThere‚Äôs still a lot we don‚Äôt know. We don‚Äôt know the source of the outbreak. We don‚Äôt know wha‚Ä¶ https://t.co/4vLgKEFwSU",0
This is infuriating!!üò©,0
"Hi,
I'm a professional proofreader and editor....you can contact me for the proofreading and editing of your Book,‚Ä¶ https://t.co/dx3ytTTZpS",0
"Recycling is important make them #coronavirus ""hospital's""",0
"@strategyrick must be held personally liable. Allowing #coronavirus outbreaks to spread in Canada,puts not only Can‚Ä¶ https://t.co/rUWh2CLnjG",0
I can't confirm if this video is real but if true the scale of the #coronavirus in china is far bigger &amp; under repo‚Ä¶ https://t.co/YmSOAYfFEb,0
"Dr. Liang Wudong Died Treating #CoronaVirus In China.
Our Endless Respect For His Bravery RIPüôè‚ù§",0
URGENT: #Coronavirus: first #British national confirmed with disease 'travelled back from #Singapore' ‚Äì TheGuardian‚Ä¶ https://t.co/y0eD54GNXv,0
"What is the correct way to wear and dispose of #masks? 
https://t.co/kuCs7tTu9H via @YouTube #coronavirus #nCoV",1
These scenes remind me of the days before a hurricane hits.,0
"We owe it to all humanity to help out. 

Except for: women, people of color, immigrants, people in poverty, anyone‚Ä¶ https://t.co/TbiGVGpETU",0
#coronavirus #lovelsland stream my fancam https://t.co/c6kVtdD1Vm,0
@RepSwalwell anyone want to tell our great president what Russian TV is throwing up??? Can we please get a translat‚Ä¶ https://t.co/yd9lWx9dfi,0
"Sad news indeed ...RIP 
He was one of the first to warn of the danger to the world üåç",0
Sounds like the corona virus is more serious than first thought. Better buy some masksüò∑.,0
Universities are drawing up plans to quarantine thousands of international students in regional campuses or student‚Ä¶ https://t.co/6Rv7ZtfU0s,0
I could swear they are trolling us all on purpose now. What the fuck is this. A fucking car accident could occur in‚Ä¶ https://t.co/buKBIcI9mA,0
#BREAKING: Taiwan üáπüáº confirms 5 new #coronavirus cases to total 16.,0
What is a pandemic? Does the coronavirus qualify? SEE DETAILS AT ==&gt; https://t.co/BLuKspTNNQ #virus #coronavirus #sars #flu #china #trump,0
Godspeed üòîüôè,0
Sometimes it's disheartening to hear how some Americans abuse our #FreeSpeech. Yet the other side is China which ar‚Ä¶ https://t.co/P1RES2Jk5w,0
#US weapons maker Lockheed Martin Co (LMT.N) said on Thursday it will reduce its attendance at the #Singapore Airsh‚Ä¶ https://t.co/CP0eJHUhdM,0
A good article on why we shouldn't panic about #coronavirus numbers (but as always prepare for the worst and hope f‚Ä¶ https://t.co/xGhXygfC8N,0
@davidmweissman anyone want to tell our great president what Russian TV is throwing up??? Can we please get a trans‚Ä¶ https://t.co/SdSi24nyYM,0
‚ÄúLaw firms including Reed Smith and Orrick Herrington &amp; Sutcliffe have advised all staff to avoid traveling to main‚Ä¶ https://t.co/kKlbnWivPq,0
@healthgovau All #Australia #coronavirus #2019nCoV require the best care available https://t.co/FRJteeUTN9,0
"LOL, they are turning people away that are sicker than they want. They don't have enough medicine to treat people.‚Ä¶ https://t.co/9QWXORXBCO",0
"China deploys military to deliver medical supplies to #Hubei province amid #coronavirus outbreak

https://t.co/iPsnSriJFN",0
Sounds like a conspiracy to me ü¶† #coronavirus  the Chinese government took this man out üî´ https://t.co/Kl4gnGcNQM,0
"#ArtBasel Cancels Its Hong Kong Edition, Citing ‚ÄòSudden and Widespread Outbreak‚Äô of #Coronavirus -‚Ä¶ https://t.co/R4reFvR4FB",0
What happened to the new hospital? Is it already full too?,1
Not good.,0
Startup uses A.I. to identify molecules that could fight coronavirus ‚Äì Fortune https://t.co/SUSiL005p2 #AI #digitalhealth #coronavirus,0
@smithmarion Due to the timely diagnosis of #coronavirus by #Dr_li_wenLiang the death of this #super_hero because o‚Ä¶ https://t.co/kLytnPehfH,0
"""There should not be only one voice in a society."" ---LI Wenliang #LiWenliang He tried to warn Wuhan about the‚Ä¶ https://t.co/mHhUSeRWja",0
"Available stock of 100k N95 masks ready to ship. Private message.
#N95mask #n95 #respirator #coronavirus #china",0
@CrossstreamW do you suggest any english account to follow #coronavirus,1
"Good news about the latest case, if all the confirmed Queensland cases are from the one tour group it should make t‚Ä¶ https://t.co/30Qg4UuFZU",0
"@KLM suspends all flights to China until March

#coronavirus #nCoV2019",0
Warning https://t.co/RDQME4h6md,0
Go figure. #whistleblower dead due #coronavirus.,0
"@WhiteHouse The American people who voted for #Trump to become President also feel that they were put through ""a ph‚Ä¶ https://t.co/RB8CA9zdiH",0
"I just got a text saying someone I know is in an isolated ward in Kenyatta, having been diagnosed with #coronavirus‚Ä¶ https://t.co/ClhnCfJW0w",0
#Ontario #Coronavirus ü§¶‚Äç‚ôÇÔ∏èü§¶‚Äç‚ôÇÔ∏èü§¶‚Äç‚ôÇÔ∏è ‚ÄîOttawa woman who was on now-quarantined cruise ship says she wasn't screened fo‚Ä¶ https://t.co/u0aooWUN6B,0
What is a pandemic? Does the coronavirus qualify? SURVIVE SEE DETAILS AT ==&gt; https://t.co/7rxEenP6tA #virus‚Ä¶ https://t.co/eSOFWtotW5,0
He is the whistle blower Doctor who warned about the outbreak last December 30. But Chinese police told him to stop‚Ä¶ https://t.co/W4kwSrlwYd,0
Acceleration fc,0
Which government agencies can be believed?,1
"They said he died, then said he didn‚Äôt, now say he did. And we‚Äôre supposed to believe they are reporting correct nu‚Ä¶ https://t.co/PpQ3LXy9WK",0
"It is true surgical masks won‚Äôt protect you. So, what will. A FPP3(UK) or N95(US) respirator. This should really be‚Ä¶ https://t.co/JLCGDLscyY",0
Scientists Link China Coronavirus to Intersection of Humans and Wildlife SEE DETAILS AT ==&gt; https://t.co/9orX4j6BuU‚Ä¶ https://t.co/nthk7drmRf,0
The only diseases we have to fight is stupidity and panic. As for catching corona. More people die from the common‚Ä¶ https://t.co/PxZ0Ynm0ts,0
#Wuhan whistleblower who alerted world to #Coronavirus dies https://t.co/NEBbJglXFT,0
Chinese go wild for toilet rolls #Coronavirus https://t.co/jc7foroAkg,0
???  What is the truth about this?,1
The Chinese COMMUNIST party controls China. The @CDCGlobal &amp; @WHO need to wake up! Info released by China re: # of‚Ä¶ https://t.co/tUlB3EmYqg,0
#BREAKING: Australia üá¶üá∫ confirms 1 new #coronavirus case to total 15.,0
Don‚Äôt answer your door.,0
"Cyber criminals using Coronavirus emergency to spread malware
#china #coronavirus #cybercrime #emotet #fraud #japan‚Ä¶ https://t.co/lCqg1WjnI9",0
@minhtngo OMG!! Ppl need to üëÄ and pay attention. This #coronavirus can kill more ppl &amp; throw our economy into a tailspin. Save your money.,0
@NPR @nprpolitics @cnnbrk @MaddowBlog @MaddowBlog @Rosie help  need a translator anyone want to tell our great pres‚Ä¶ https://t.co/TCYn67aKRL,0
Does something nice and brags &amp; pats himself on the back,0
I say we pull our wealth back from the EU early...get some balls back as a nation and combat this virus effectively‚Ä¶ https://t.co/Aa8djxAYIJ,0
Recognize and control new variants of the deadly Ebola virus more quickly: ScienceDaily https://t.co/kcC0poOa0y‚Ä¶ https://t.co/ps4iaVtYaf,0
12 cases of coronavirus confirmed in US SURVIVE SEE DETAILS AT ==&gt; https://t.co/QvEZfTKWkq #virus #coronavirus‚Ä¶ https://t.co/z67GHsBkiF,0
https://t.co/H75rz9ajmN China amid #coronavirus fears ‚Äî here's the full list,0
"#DrLiWenliang, 34, #died of Wuhan #coronavirus. #RIP üò¢
‚ÄúHe who holds the firewood for the masses, is the one who fr‚Ä¶ https://t.co/4f1mVujtUm",0
Ban silly quarantine rules for people with #coronavirus for a start.,0
"I have a cure for coronviruse its honey
And how did I know that a boomer said ""the cure is honey and only honey and‚Ä¶ https://t.co/KuMeR9kEsV",0
"Did you miss this Facebook live Q&amp;A update on the #coronavirus from the @CountyofLA and @lapublichealth?

Visit the‚Ä¶ https://t.co/rG966c7iao",0
"Cocktail of flu, HIV drugs appears to help fight #coronavirus: Thai doctors | Article [AMP] | Reuters #zerohedge https://t.co/S68tBgq0e6",0
[üî¥ NEWS] How Contagious Is Wuhan Coronavirus? Scientists Don't Know Yet https://t.co/gzmPOW4aC2 #Coronavirus‚Ä¶ https://t.co/ifAtGW8ujN,0
"#CORONAVIRUS
#WHO Director-General Tedros Adhanom Ghebreyesus:  There‚Äôs no vaccine or effective treatments against‚Ä¶ https://t.co/b4iHYeLL2m",0
"WHILE YOU WERE DISTRACTED WITH #CORONAVIRUS AND #IMPEACHMENT, #TRUMP SOLD OUT US #USMCA https://t.co/2QwUXp4RGs via @YouTube",0
"Died at 34! To the #coronavirus 

It‚Äôs just my stupid trash-opinion-gut-intuition that this is all engineered 

BUT‚Ä¶ https://t.co/RKV1ZhCMXg",0
This seems to be above an epidemic level of preparation. Hopefully they will not be used. #2019nCoV #coronavirus,0
"Umm, so they want people to risk getting it? Oh, okay.",0
Italy 1st case #coronavirus,0
@CoronaVirusUPDT Due to the timely diagnosis of #coronavirus by #Dr_li_wenLiang the death of this #super_hero becau‚Ä¶ https://t.co/AT5IdOqDhd,0
"#RIPDRLi
First to Warn of a SARs-like Virus (Corona) 
Warned staff to suit up virus protection gear/precautions.
Wa‚Ä¶ https://t.co/LMIQu5KJVq",0
That‚Äôs Communism / Socialism.,0
"Is Australia headed for recession?
A combination of #drought, disastrous #bushfires and now the #coronavirus outbre‚Ä¶ https://t.co/0iVb6obQr9",1
#Coronavirus: first #British national confirmed with disease 'travelled back from Singapore' ‚Äì latest news https://t.co/leWxRZm7hi,0
Canadian scientists pioneer mask that kills viruses in mere minutes #coronavirus https://t.co/zrCpyQZLvA,0
"Doctor who sounded alarm on coronavirus dies, hospital says | FOX 5 New York #coronavirus  https://t.co/MIukyHn6t4",0
"imagine #coronavirus is so fast spreading, the 1% can't make it to Mars on time.",0
ok colonizer https://t.co/QN0vAAmted,0
"Hide your kids hide your woves, they coming for everyyyyyyyyybodyyyyyy!!!!!! #coronovirus https://t.co/J0VQ6Xi4N9",0
@CoronaVirusUPDT Due to the timely diagnosis of #coronavirus by #Dr_li_wenLiang the death of this #super_hero becau‚Ä¶ https://t.co/4kt3gQKTos,0
"Paul Bloxham, Chief economist HSBC, discusses the negative effect of #coronavirus on economic activity at the‚Ä¶ https://t.co/xu9ZQwekOr",0
"Finally, haven't been to habruri in AGEESSSS",0
"DeathCamp more like it...sad
#coronavirus 
#CoronaOutbreak",
What are the odds that the highest profile #coronavirus patient (33 y/o Doc who gave initial warnings) and allegedl‚Ä¶ https://t.co/xkObhwoLf2,1
omg i can‚Äôt! STAY STRONG SHAUGHNA!!! #loveisland #coronavirus,0
Many physicians and nursing staff are unsung heros who put their lives at risk while battling infectious diseases!‚Ä¶ https://t.co/2WAzPfynXj,0
"""One banana a day, washed down with neat whisky,"" British passenger requests from virus-stricken cruise ship off Ja‚Ä¶ https://t.co/vV9CJ2qP2f",0
Just saw this on Amazon: Quality Chemical Instant Hand Sanitizer - Refill 1 Gallon https://t.co/UYP4KEsdW9  via‚Ä¶ https://t.co/hzBuR2w66z,0
How should first responders protect themselves from #Coronavirus? UGA's Curt Harris has the answer. https://t.co/im3vkjO7Gn @PublicHealthUGA,0
Li was reportedly reprimanded by local police for ‚Äúspreading rumors‚Äù about the illness in late December.‚Ä¶ https://t.co/YNoWqKrQF2,0
Single-handedly beating off #coronavirus,0
Li was reportedly reprimanded by local police for ‚Äúspreading rumors‚Äù about the illness in late December.‚Ä¶ https://t.co/iloBEOt6Ex,0
Gartner analyst Laura Craft spoke with @WSJProAI about the role of #AI in discovering and tracking disease outbreak‚Ä¶ https://t.co/2JPvcFaXeT,0
üò≥ i can‚Äôt stop thinking of this.  üò≥üôèüèºüôèüèºüôèüèºüôèüèºü•∫üò≠,0
This is interesting. #coronavirus https://t.co/slH8pbWYIf,0
"The 2019 Novel #Coronavirus may cause more damage to the #aviation industry than the 2003 #SARS outbreak, by Khalid‚Ä¶ https://t.co/lnZIxIxwzg",0
3.45 AH #coronavirus plays still alive. $CODX,0
"W/i a ¬Ω-hour of announcing that Dr. Li Wenliang, the 34-year-old ophthalmologist who sounded the alarm about‚Ä¶ https://t.co/pvt5apDlnF",0
"Play Coin Master with me! https://t.co/i8Z9JozpSn

Y‚Äôall better join #coinmaster #help #ineedspins #join #videogame‚Ä¶ https://t.co/8ycuN7RiGj",0
"Dr. Li Wenliang, a doctor who got in trouble with authorities in China for sounding an early warning about the‚Ä¶ https://t.co/Ezduagiqwl",0
"""Global Epidemics, Local Implications"" author Kevin J.A. Thomas looks to the Ebola crisis for lessons in empathy in‚Ä¶ https://t.co/GpmxLIYgGY",0
Universities cancel study-abroad programs amid virus fears  https://t.co/08jC1nmz4T  via @usnews  #coronavirus,0
"#Coronavirus whistleblower Li Wenliang has died, #Wuhan Central Hospital confirms  https://t.co/XoQWUgC1py",0
Another tragic example of the evil of Communist regimes...image management &amp; ‚Äústability‚Äù vastly outweigh concern fo‚Ä¶ https://t.co/JfPUOk4R9A,0
Security experts are warning of new phishing campaigns designed to capitalize on global fears of the fast-spreading‚Ä¶ https://t.co/96vlleTLo5,0
"Protecting you and your family will always remain a priority. To stay updated, please visit https://t.co/mrwnbPSyIa‚Ä¶ https://t.co/SeXArD4tlm",0
"#Wuhan #China #coronavirus spreading silently? ... 
| #outbreak | #Health | #symptoms | #virus | #2019nCoV |‚Ä¶ https://t.co/8TEnASS42p",1
"Turns out the best way to deal with a sore throat is just two codiene, a Lemsip and half a bottle of rum.‚Ä¶ https://t.co/8rm600jzvJ",0
The #CCP is now issuing permits for people to leave their place. They are allowed to leave home every 2 days for re‚Ä¶ https://t.co/InYg0NZ2GO,0
#CoronaVirus #monitoring -- The #BBC reports that a person in #Brighton has been detected positive and is transfere‚Ä¶ https://t.co/0s0iYjUrrI,0
"First #US confirmed #coronavirus case WA info:
-initially presented with mild cough &amp; low-grade intermittent fevers‚Ä¶ https://t.co/MeggsooCK2",0
@nikki_miumiu @CNN Rest in peace Dr. Li. Rumor said his wife and unborn child also got infect and passed away after‚Ä¶ https://t.co/S8Ioqrl6EQ,0
#BreakingNews More economic strife caused by the #coronavirus Airlines beginning  to lyboffcstaff and ask some to t‚Ä¶ https://t.co/Ww5db0o4eo,0
"#coronavirus

China's government will not allow China to be at a strategic disadvantage by being the only country s‚Ä¶ https://t.co/NXkKdE2f1d",0
I am sure the Ugandan President is holding his breathüòÅ,0
"‚ö†Ô∏è The #CoronaVirus is spreading! ‚ö†Ô∏è

üîÅRetweet to spread awareness.

These are the latest confirmed updates from th‚Ä¶ https://t.co/BrxEBhScpa",0
"USCIS Response to the Novel Coronavirus

USCIS is implementing this in concern with the safety of USCIS employees a‚Ä¶ https://t.co/wrVFBsILX5",0
Listen at the scream at the end. Wtf is happening,1
"Just the flu. Wonder how many times they've shut down, NYC, Chicago, etc... for just the flu.",1
"@QuickTake WHO claims the outbreak is all under control by CCP üò°üò°üò°üò°

Look at the vid yourself

https://t.co/aIvX1RUVHg",0
How you get fed.. #WuhanCoronavirus #nCoV2019 #pandemic2020 #2019_nCoV #coronavirus #CoronavirusOutbreak #2019nCoV‚Ä¶ https://t.co/A3gUpmQ39x,0
"Stop. Just stop. 
This could be one of the worst pandemics and you are worried about racism?  I'm happy to buy you‚Ä¶ https://t.co/uYOnOF0avm",0
Wow watching videos of what is really happening to people in Wahun China is really scary. The response to‚Ä¶ https://t.co/RBizLI8AWc,0
.@Kaspersky researchers have identified cybercriminals‚Äô newest phishing campaign and it involves the #coronavirus.‚Ä¶ https://t.co/mdXpHlXb3A,0
#Coronavirus update: Two hospitals are already up and running already in Wuhan and the doctor who was one of the fi‚Ä¶ https://t.co/3wg9lSadRl,0
"Dr. #LiWenliang, a doctor who got in trouble with authorities in China for sounding an early warning about the‚Ä¶ https://t.co/8jwYSwJwJO",0
12 cases of coronavirus confirmed in US SURVIVE SEE DETAILS AT ==&gt; https://t.co/QvEZfTKWkq #virus #coronavirus‚Ä¶ https://t.co/qeujOov32j,0
#Nintendo announces the shipments of its popular #Switch as well as related accessories to Japan will be delayed du‚Ä¶ https://t.co/N77fqwzZOc,0
[#Funding to the #Coronavirus Response]The #Bill &amp; #MelindaGates #Foundation today announced that it will immediate‚Ä¶ https://t.co/8v7sJmdWPo,0
"Tomorrow morning on @BloombergTV #Daybreak: @Economist_Rhame will discuss #jobs, the Fed and the economic impact of‚Ä¶ https://t.co/OaJ2zN0U6d",0
"I'm glad you are getting more countries on board to get global positive actions, it is everybody responsible..!",0
"@Jkylebass Wuhan, Hubei. One of our family friend‚Äôs neighbor died due to starvation. Her entire family was isolated‚Ä¶ https://t.co/kXW4L7Zbjm",0
All is well!,0
"Interesting statistics about the #Coronavirus outbreak:

https://t.co/DwF8KFv0r7

Some important notes:
* It's not‚Ä¶ https://t.co/cZtKwtwgA1",0
The global car industry is bracing for a huge shock from China SEE DETAILS AT ==&gt; https://t.co/n8oWlcKo0x #virus‚Ä¶ https://t.co/XJzr05R1SD,0
"CDC #Quarantines 350 #Americans over #Coronavirus
https://t.co/TyeEBwEG39 https://t.co/6FZGQ9BmiX",0
"Much about the Wuhan #coronavirus remains unknown ‚Äì however, if it is anything like health scares in recent history‚Ä¶ https://t.co/LjHTwGaBFy",0
In the past two weeks China has taken unprecedented measures to contain the outbreak. Watch China's ability to buil‚Ä¶ https://t.co/Zsd26AYcC9,0
"All hope is not lost! It is likely that the #WuhanVirus can only enter cells via ""#ACE2 receptors"". These are 5x mo‚Ä¶ https://t.co/Zk5l2rWS39",0
"Much about the Wuhan #coronavirus remains unknown ‚Äì however, if it is anything like health scares in recent history‚Ä¶ https://t.co/cTWFxQ3RfS",0
"Research is tackling novel #coronavirus on many fronts to shed light on questions like:

+ How contagious is the vi‚Ä¶ https://t.co/6vpFjOAJbD",0
"""Evacuees"" or prisoners? Is Corona a setup for martial law, using NG, and arrests?",1
"Much about the Wuhan #coronavirus remains unknown ‚Äì however, if it is anything like health scares in recent history‚Ä¶ https://t.co/cf53k8yQEV",0
Art Basel cancels Hong Kong show due to spread of the new and highly contagious coronavirus. Was scheduled from Mar‚Ä¶ https://t.co/T9JEebMIXB,0
"""They tapped a device that allowed them to interact with their patient not in person, but through a screen. Vici, m‚Ä¶ https://t.co/1cYtnnumc4",0
We want to help you through your rough times by providing you with an opportunity to make savings on your medical b‚Ä¶ https://t.co/S9RRL6bkex,0
Do you think #China is suppressing information about the #coronavirus?,1
"More than 2,500 #hospitalemployees went on strike, demanding a complete closing of traffic from #mainlandChina to l‚Ä¶ https://t.co/JVmGYWY5Y6",0
Fear of the coronavirus is bringing racist and xenophobic attitudes to the light. Johns Hopkins Operations Director‚Ä¶ https://t.co/Re0aMb8Kz3,0
Fear of the coronavirus is bringing racist and xenophobic attitudes to the light. Johns Hopkins Operations Director‚Ä¶ https://t.co/LhpqOthUGh,0
"‚ÄúThe deadly coronavirus (2019nCoV) outbreak, which has pushed the Chinese medical community into overdrive, has als‚Ä¶ https://t.co/Z3q8VEunZs",0
"Causes of Spread Coronavirus 
#Coronavirus #Virus #Health #Corona #China #Wuhan 
https://t.co/vzkWr4zsnl via @YouTube",0
The way shaughna held herself together like HOLY YES GIRL #coronavirus,0
"All Dr. Li Wenliang wanted was to save lives. Instead, he was silenced by the #Wuhan police for ""rumourmongering"" a‚Ä¶ https://t.co/FoLkMr775X",0
"War Room - Pandemic Ep.13

#Coronavirus 
#China 
#Wuhan 

https://t.co/sKOAi7X2hW",0
"The #coronavirus death toll in China rises to 563, with more than 28,000 cases countrywide  https://t.co/57ai73e0ij via @WSJ #Wuhan",0
"While foreign companies are facing the consequences of Chinese factory closures in response to #coronavirus, the PB‚Ä¶ https://t.co/cuu4QVjIic",0
Now compare the proportions relating to time frames and see how much the death rate percentage increases. And let‚Äôs‚Ä¶ https://t.co/fF7sWzJxXb,0
"""Our current production capability is enough to test 200,000 people a day""  #coronavirus #diagnostictesting https://t.co/XWrjxTexjt",0
"When previously healthy health care workers die of a communicable disease contracted at work, you know you‚Äôre deali‚Ä¶ https://t.co/GCxR5OE4qg",0
Bit suspect,0
The #coronavirus is still dominating media headlines and reminded us all of the importance of keeping environments‚Ä¶ https://t.co/k78tKCsGf4,0
Hope,0
Real problems of China narrated from ground by a Chinese @ZeeBusiness @republic @CNBCTV18Live @WHO,0
Wondering if PS5 and Xbox Series X will Ship with the #CoronaVirus https://t.co/uAlpfDpt44,0
"in the first place, it wasn‚Äôt cancelled.",0
"@QuickTake @DrTedros @WHO money money money, is it why you didn‚Äôt want countries to impose travel bans? the wider t‚Ä¶ https://t.co/JvG2NIDq6o",1
Why the coronavirus outbreak may be the biggest disruption to international student flows. https://t.co/5SR1Wxn7Ss‚Ä¶ https://t.co/bvWUhoAoPP,0
"The 5000 odd research papers about the virus, isn't enough? Most concerning is that, if verified, the virus spreads‚Ä¶ https://t.co/xkeJ27XPFL",1
Wuhan Coronavirus Outbreak: Is Singapore Ready? | Street Talk | #Health | #coronavirus | #AsianNetWalking‚Ä¶ https://t.co/19Oqwn9TuA,1
#Coronavirus and #China: #Beijing‚Äôs Behavior Confirms How Bad the Brand Truly Is https://t.co/Y6fgUGONH4,0
@colbycosh An Instagram personality said he had coronavirus on a plane. The failed viral stunt got him arrested‚Ä¶ https://t.co/0kedlqL2xL,0
"Know your facts on NOVEL CORONA VIRUS #CoronaOutbreak #coronavirus 

 https://t.co/Fv3PwWKlot @MoHFW_INDIA",0
The entire Chinese state machinery could not save the one guy they wanted alive so as to not turn him into an unapp‚Ä¶ https://t.co/C6QCIonfo8,0
Truth needs to be told!! Don‚Äôt worry only the flu God Bless us all!!,0
"""the choice of Hun Sen to visit Beijing reveals how Cambodia's relationship with China has continued to increase in‚Ä¶ https://t.co/yTv6gXmQQJ",0
Severe #distortion of facts! Chinese financial experts criticize the #WSJ article published by Walter Russell Mead‚Ä¶ https://t.co/y1v77RDign,0
This is really good news.. coronavirus tests that work in under an hour. üëçüèª #2019coronavirus #coronavirus #2019nCoV‚Ä¶ https://t.co/xljCMfBy3P,0
"@benedictrogers @HongKongFP He is an ordinary person. Everyone is. Under tyranny, ordinary seems unacceptable. Tell‚Ä¶ https://t.co/2uOf7aZZ8t",0
"If the market is apparently cool with to 1st order effects, then how about the 2nd and 3rd order effects of hygiene‚Ä¶ https://t.co/oEMj6pmaZB",0
However official numbers reported by communist #Chinese gov recently slipped to ‚Äúreal numbers‚Äù suddenly showing far‚Ä¶ https://t.co/FUhxza6qPj,0
"#Coronavirus : 57 suspected cases reported in #Telangana #India 
#Breaknig",0
"The conservative nature of @NorthKoreaDPRK is something else. 

They ain't accepting any #coronavirus",0
"so, they took off the shelves as well in HK. um. Hong Kong peeps definitely lactose intolerant since the back shelv‚Ä¶ https://t.co/TJVWcIvr0m",0
#Coronavirus has claimed 633 lives in #China #coronavirustoll #Chinavirus #Wuhan #Hubei https://t.co/NLuDzTpNOm https://t.co/mX43OuItHY,0
‚ÄúBut we encourage people to tell truth and confront challenges. People will only be punished if failing to do so.‚Äù‚Ä¶ https://t.co/bybIj0oupi,0
ICYMI Cruise Ship Virus Outbreak Is Biggest Outside China With 61 Sick ‚Å¶@business‚Å© #coronavirus  https://t.co/fgNmFYA4bc,0
Truth.  #coronavirus #flu #fluvirus,0
This is the same Katy Perry that Prince Charles just made ambassador of the British Asian trust?,0
Worth noting by the way that Katy Perry was denied entry into China a couple of years ago after she did a performan‚Ä¶ https://t.co/SrLETJQFTk,0
I get it... And you should know as well. Life isn't fair look at the #ImpeachmentTrial and also #coronavirus  Also‚Ä¶ https://t.co/Dt8Ay02n5B,0
In a thread by China's ambassador to the US that memorialises the Wuhan doctor that his Party arrested for privatel‚Ä¶ https://t.co/opf4s0mrHQ,0
"DGCI approves 'restricted use' of anti-HIV drugs on Coronavirus patients
 #Approval #Coronavirus #DCGI‚Ä¶ https://t.co/SLsoa4xs79",0
"stationery design.if you need any stationery design. DM me here:https://t.co/vPKhVr7rTk

#coronavirus #Bigboss13‚Ä¶ https://t.co/dgt4iTnsZS",0
Problem is we heard tonight not sure about how long incubation is so why are they being let go after 2 weeks,0
This is a great read abt how the virus outbreak has been covered so far,0
"https://t.co/XzskzRIgpy Coronavirus outbreak in Hubei Province, China #coronaviruswuhan #China #coronavirus‚Ä¶ https://t.co/VzyQ9Wi4Nz",0
@nycHealthy @NYCMayorsOffice @NYCMayor @nycemergencymgt @nyc311 I find it odd that there are no #coronavirus cases‚Ä¶ https://t.co/VLJNDIaXJK,0
"No restrictions on travel!!
#EvacuateUgandansInWuhan 
#EvacuateUgandansInWuhan",0
645 Indians!! A whole 645 and we still can't get our people out üò≠üò≠ #EvacuateUgandansInWuhan,0
"@TomFitton Do you need an #Awesome #Email #Signature for your #business?
Contact Me:-
‚úÖhttps://t.co/ZimUC7rbro‚úÖ‚Ä¶ https://t.co/Xi3xeLnyj2",0
Watch @seattleamack401's broadcast: #Heartgang Follow All Back #SpreadLuv Plz Share &amp; Follow #coronavirus #Rut‚Ä¶ https://t.co/LUJ585SR5R,0
"Animal know better than us..that's why before disaster such as tsunami, earthquake etc occur we found that animal w‚Ä¶ https://t.co/ELUjtd9MW4",0
Just realized something that was always an issue for me.  Our new airliners‚Äô pressurization systems will propagate‚Ä¶ https://t.co/VGfZjiF0s0,0
Maybe it's San Francisco. That's what they're going to need to clean it up!,0
How long does that dude gotta run for?,1
"Imagine accusing a doctor of spreading false news about #coronavirus just to see it actually happened.

If there ar‚Ä¶ https://t.co/NAoExLlcgJ",0
LIVE on #Periscope: #Heartgang Will Follow All Back #SpreadLuv Plz Shar Follow #coronavirus #Ruto #Ticketmaster‚Ä¶ https://t.co/XhoNV0SfDh,0
"Good god! 
If it is true that the outbreak in #China started from Dec 8 and they hid it from the world, then there‚Ä¶ https://t.co/kNLwGYSImO",1
ever heard of MERS?,0
Corona Virus news. Over thirty thousand dead geese because of country's shut down,0
"Central team reviewed #coronavirus preparedness in #Odisha .

The team visited Capital Hospital &amp; Airport at‚Ä¶ https://t.co/tD50F18ozF",0
Just saying #lysoldisinfect #lysolkillsgerms  #CoronavirusOutbreak #coronavirus #99.9% https://t.co/6GOy59hi2P,0
@PDChina @katyperry Prayers for the people in China affected by the #coronavirus and especially the family of Dr. #LiWenliang,0
No one is covering #coronavirus like @ChuBailiang. Superb stories/insight/photos out of the epicenter of the virus.,0
"@justinbieber Do you need an #Awesome #Email #Signature for your #business?
Contact Me:-
‚úÖhttps://t.co/ZimUC7rbro‚úÖ‚Ä¶ https://t.co/UIV4B1sUxa",0
In a thread by China's ambassador to the US that memorialises the Wuhan doctor that his Party arrested for privatel‚Ä¶ https://t.co/2QrYji4Ai1,0
"Why are NZ airports not giving out #Coronavirus precaution pamphlets for people who are coming from China, such as‚Ä¶ https://t.co/KqCJGD2Ioh",0
"To be honest this Loadshedding is kak, all traffic lights off, how are we supposed to get to work on time ?

Jamnan‚Ä¶ https://t.co/Jp79ZLlmJ2",0
Just me or is #coronavirus not totally old news by now?  On to the next thing...,0
"@RobertW81555222 How many of those 10,000 were tested for #coronavirus? Do we have stats on that? Honest question.",1
"#Coronavirus
Cruise ship docking in Bayonne carrying passengers who will be tested for coronavirus https://t.co/ti6VB3eodz via @nypmetro",0
